arch,target_mode,loss_type,out_act,val_rmse_mean,val_rmse_std,test_rmse_mean,test_rmse_std,n_seeds
cnn,log,mse,none,1.3004868030548096,,2.262730598449707,,1
tcn,diff,mse,none,1.3133270110634685,,2.215744131485984,,1
tcn,log,mse,none,1.3265093564987183,,2.2261106967926025,,1
cnn,level,huber,none,1.3286559581756592,,2.184605360031128,,1
cnn,diff,mse,none,1.3348138935406726,,2.196041051353971,,1
cnn,level,mse,none,1.3473459482192993,,2.2448134422302246,,1
tcn,level,mse,none,1.3609298467636108,,2.0730018615722656,,1
tcn,level,huber,none,1.3667346239089966,,2.1918649673461914,,1
