metric_name,cam_variant,statistic,effect_size,p_raw,p_fdr,n_pairs
com_abs,abs,-1.462329993515791,-1.238364777031983,0.11,1.0,4
foc_abs,abs,0.28087220645171573,0.701373165673229,0.372,1.0,4
last_k_mass,abs,-0.05244485912837682,-0.38320867709777195,0.516,0.903,4
cluster_abs,abs,2.603941895217287,,0.9001996007984032,0.903,4
com_signed,signed,-0.0032082923988958623,-0.0006251198898683765,1.0,0.903,4
foc_signed,signed,0.18782238851021288,0.14187506035988906,1.0,0.77,4
cluster_signed,signed,6.972188236901471,,0.4870259481037924,1.0,4
